<?xml version="1.0" encoding="utf-8"?>
<extension version="2.5.0" type="plugin" group="api" method="upgrade">
	<name>Api - categories</name>
	<version>1.6</version>
	<creationDate>22 July 2015</creationDate>
	<author>Techjoomla</author>
	<authorEmail>extensions@techjoomla.com</authorEmail>
	<authorUrl>www.techjoomla.com</authorUrl>
	<copyright>Techjoomla. All rights reserved.</copyright>
	<license>http://www.gnu.org/licenses/gpl-2.0.html GNU/GPL</license>
	<description>This plugin is for content Request</description>
<files>
	<filename plugin="categories">categories.php</filename>
		<folder>categories</folder>
</files>
<languages>
	<language tag="en-GB">en-GB.plg_api_categories.ini</language>
	<language tag="en-GB">en-GB.plg_api_categories.sys.ini</language>
</languages>
	<config>
		<fields name="params">
			<fieldset name="basic">
			</fieldset>
		</fields>
	</config>
</extension>
